Benchmark,Mode,Param: keyDistribution,Threads,Samples,Score,"Score Error (99,9%)",Unit,Param: keyRange,Param: mapType,Param: operationMix,Param: prefillFactor,Param: seed
ua.edu.ukma.benchmarks.IntegerKeysMixedOperationsBenchmark.benchmark,thrpt,UNIFORM,32,15,"18783,694603","1228,636285",ops/ms,100,SYNCHRONIZED_HASH_MAP,100:0,0.5,42
ua.edu.ukma.benchmarks.IntegerKeysMixedOperationsBenchmark.benchmark,thrpt,UNIFORM,32,15,"16426,968468","1152,422375",ops/ms,100,SYNCHRONIZED_HASH_MAP,90:5,0.5,42
ua.edu.ukma.benchmarks.IntegerKeysMixedOperationsBenchmark.benchmark,thrpt,UNIFORM,32,15,"14671,578636","972,739942",ops/ms,100,SYNCHRONIZED_HASH_MAP,70:20,0.5,42
ua.edu.ukma.benchmarks.IntegerKeysMixedOperationsBenchmark.benchmark,thrpt,UNIFORM,32,15,"13427,915566","1173,672856",ops/ms,100,SYNCHRONIZED_HASH_MAP,30:35,0.5,42
ua.edu.ukma.benchmarks.IntegerKeysMixedOperationsBenchmark.benchmark,thrpt,UNIFORM,32,15,"13715,740001","760,258812",ops/ms,100,SYNCHRONIZED_HASH_MAP,10:45,0.5,42
ua.edu.ukma.benchmarks.IntegerKeysMixedOperationsBenchmark.benchmark,thrpt,UNIFORM,32,15,"14420,516792","1070,820237",ops/ms,100,SYNCHRONIZED_HASH_MAP,0:50,0.5,42
ua.edu.ukma.benchmarks.IntegerKeysMixedOperationsBenchmark.benchmark,thrpt,UNIFORM,32,15,"13619,904124","730,463373",ops/ms,100,SYNCHRONIZED_TREE_MAP,100:0,0.5,42
ua.edu.ukma.benchmarks.IntegerKeysMixedOperationsBenchmark.benchmark,thrpt,UNIFORM,32,15,"11521,634860","591,834850",ops/ms,100,SYNCHRONIZED_TREE_MAP,90:5,0.5,42
ua.edu.ukma.benchmarks.IntegerKeysMixedOperationsBenchmark.benchmark,thrpt,UNIFORM,32,15,"9740,545423","324,667392",ops/ms,100,SYNCHRONIZED_TREE_MAP,70:20,0.5,42
ua.edu.ukma.benchmarks.IntegerKeysMixedOperationsBenchmark.benchmark,thrpt,UNIFORM,32,15,"8502,272012","333,141347",ops/ms,100,SYNCHRONIZED_TREE_MAP,30:35,0.5,42
ua.edu.ukma.benchmarks.IntegerKeysMixedOperationsBenchmark.benchmark,thrpt,UNIFORM,32,15,"8406,055214","382,841675",ops/ms,100,SYNCHRONIZED_TREE_MAP,10:45,0.5,42
ua.edu.ukma.benchmarks.IntegerKeysMixedOperationsBenchmark.benchmark,thrpt,UNIFORM,32,15,"8186,496765","261,923497",ops/ms,100,SYNCHRONIZED_TREE_MAP,0:50,0.5,42
ua.edu.ukma.benchmarks.IntegerKeysMixedOperationsBenchmark.benchmark,thrpt,UNIFORM,32,15,"6927,945110","853,661231",ops/ms,100,RW_SYNCHRONIZED_HASH_MAP,100:0,0.5,42
ua.edu.ukma.benchmarks.IntegerKeysMixedOperationsBenchmark.benchmark,thrpt,UNIFORM,32,15,"15528,648168","432,635636",ops/ms,100,RW_SYNCHRONIZED_HASH_MAP,90:5,0.5,42
ua.edu.ukma.benchmarks.IntegerKeysMixedOperationsBenchmark.benchmark,thrpt,UNIFORM,32,15,"12839,351171","493,593653",ops/ms,100,RW_SYNCHRONIZED_HASH_MAP,70:20,0.5,42
ua.edu.ukma.benchmarks.IntegerKeysMixedOperationsBenchmark.benchmark,thrpt,UNIFORM,32,15,"12727,409742","347,085349",ops/ms,100,RW_SYNCHRONIZED_HASH_MAP,30:35,0.5,42
ua.edu.ukma.benchmarks.IntegerKeysMixedOperationsBenchmark.benchmark,thrpt,UNIFORM,32,15,"14163,291463","265,600371",ops/ms,100,RW_SYNCHRONIZED_HASH_MAP,10:45,0.5,42
ua.edu.ukma.benchmarks.IntegerKeysMixedOperationsBenchmark.benchmark,thrpt,UNIFORM,32,15,"28570,921499","829,305059",ops/ms,100,RW_SYNCHRONIZED_HASH_MAP,0:50,0.5,42
ua.edu.ukma.benchmarks.IntegerKeysMixedOperationsBenchmark.benchmark,thrpt,UNIFORM,32,15,"6849,060341","786,042000",ops/ms,100,RW_SYNCHRONIZED_TREE_MAP,100:0,0.5,42
ua.edu.ukma.benchmarks.IntegerKeysMixedOperationsBenchmark.benchmark,thrpt,UNIFORM,32,15,"6605,050502","398,557665",ops/ms,100,RW_SYNCHRONIZED_TREE_MAP,90:5,0.5,42
ua.edu.ukma.benchmarks.IntegerKeysMixedOperationsBenchmark.benchmark,thrpt,UNIFORM,32,15,"4780,310113","459,446080",ops/ms,100,RW_SYNCHRONIZED_TREE_MAP,70:20,0.5,42
ua.edu.ukma.benchmarks.IntegerKeysMixedOperationsBenchmark.benchmark,thrpt,UNIFORM,32,15,"4625,239167","208,253741",ops/ms,100,RW_SYNCHRONIZED_TREE_MAP,30:35,0.5,42
ua.edu.ukma.benchmarks.IntegerKeysMixedOperationsBenchmark.benchmark,thrpt,UNIFORM,32,15,"5202,552931","90,479045",ops/ms,100,RW_SYNCHRONIZED_TREE_MAP,10:45,0.5,42
ua.edu.ukma.benchmarks.IntegerKeysMixedOperationsBenchmark.benchmark,thrpt,UNIFORM,32,15,"8675,277983","262,682388",ops/ms,100,RW_SYNCHRONIZED_TREE_MAP,0:50,0.5,42
ua.edu.ukma.benchmarks.IntegerKeysMixedOperationsBenchmark.benchmark,thrpt,UNIFORM,32,15,"772432,239290","208364,594094",ops/ms,100,CONCURRENT_HASH_MAP,100:0,0.5,42
ua.edu.ukma.benchmarks.IntegerKeysMixedOperationsBenchmark.benchmark,thrpt,UNIFORM,32,15,"335962,963677","42700,543646",ops/ms,100,CONCURRENT_HASH_MAP,90:5,0.5,42
ua.edu.ukma.benchmarks.IntegerKeysMixedOperationsBenchmark.benchmark,thrpt,UNIFORM,32,15,"191204,007555","10350,935328",ops/ms,100,CONCURRENT_HASH_MAP,70:20,0.5,42
ua.edu.ukma.benchmarks.IntegerKeysMixedOperationsBenchmark.benchmark,thrpt,UNIFORM,32,15,"111067,751118","5979,469850",ops/ms,100,CONCURRENT_HASH_MAP,30:35,0.5,42
ua.edu.ukma.benchmarks.IntegerKeysMixedOperationsBenchmark.benchmark,thrpt,UNIFORM,32,15,"94113,391988","3537,124725",ops/ms,100,CONCURRENT_HASH_MAP,10:45,0.5,42
ua.edu.ukma.benchmarks.IntegerKeysMixedOperationsBenchmark.benchmark,thrpt,UNIFORM,32,15,"87942,857361","2935,303762",ops/ms,100,CONCURRENT_HASH_MAP,0:50,0.5,42
ua.edu.ukma.benchmarks.IntegerKeysMixedOperationsBenchmark.benchmark,thrpt,UNIFORM,32,15,"493501,353336","122703,831171",ops/ms,100,NON_BLOCKING_HASH_MAP,100:0,0.5,42
ua.edu.ukma.benchmarks.IntegerKeysMixedOperationsBenchmark.benchmark,thrpt,UNIFORM,32,15,"394921,808739","79903,364586",ops/ms,100,NON_BLOCKING_HASH_MAP,90:5,0.5,42
ua.edu.ukma.benchmarks.IntegerKeysMixedOperationsBenchmark.benchmark,thrpt,UNIFORM,32,15,"273016,089020","41691,291852",ops/ms,100,NON_BLOCKING_HASH_MAP,70:20,0.5,42
ua.edu.ukma.benchmarks.IntegerKeysMixedOperationsBenchmark.benchmark,thrpt,UNIFORM,32,15,"201754,212710","19073,501414",ops/ms,100,NON_BLOCKING_HASH_MAP,30:35,0.5,42
ua.edu.ukma.benchmarks.IntegerKeysMixedOperationsBenchmark.benchmark,thrpt,UNIFORM,32,15,"174673,519161","13828,159315",ops/ms,100,NON_BLOCKING_HASH_MAP,10:45,0.5,42
ua.edu.ukma.benchmarks.IntegerKeysMixedOperationsBenchmark.benchmark,thrpt,UNIFORM,32,15,"162386,519507","13414,390530",ops/ms,100,NON_BLOCKING_HASH_MAP,0:50,0.5,42
ua.edu.ukma.benchmarks.IntegerKeysMixedOperationsBenchmark.benchmark,thrpt,UNIFORM,32,15,"75078,210464","7949,191965",ops/ms,100,SHARDED_TREE_MAP,100:0,0.5,42
ua.edu.ukma.benchmarks.IntegerKeysMixedOperationsBenchmark.benchmark,thrpt,UNIFORM,32,15,"26717,766958","1087,344845",ops/ms,100,SHARDED_TREE_MAP,90:5,0.5,42
ua.edu.ukma.benchmarks.IntegerKeysMixedOperationsBenchmark.benchmark,thrpt,UNIFORM,32,15,"21039,442065","1177,163015",ops/ms,100,SHARDED_TREE_MAP,70:20,0.5,42
ua.edu.ukma.benchmarks.IntegerKeysMixedOperationsBenchmark.benchmark,thrpt,UNIFORM,32,15,"19727,491439","861,344385",ops/ms,100,SHARDED_TREE_MAP,30:35,0.5,42
ua.edu.ukma.benchmarks.IntegerKeysMixedOperationsBenchmark.benchmark,thrpt,UNIFORM,32,15,"22262,469997","531,922098",ops/ms,100,SHARDED_TREE_MAP,10:45,0.5,42
ua.edu.ukma.benchmarks.IntegerKeysMixedOperationsBenchmark.benchmark,thrpt,UNIFORM,32,15,"31615,115980","999,057962",ops/ms,100,SHARDED_TREE_MAP,0:50,0.5,42
ua.edu.ukma.benchmarks.IntegerKeysMixedOperationsBenchmark.benchmark,thrpt,UNIFORM,32,15,"264251,494511","65656,061945",ops/ms,100,LOCK_FREE_CHROMATIC_MAP,100:0,0.5,42
ua.edu.ukma.benchmarks.IntegerKeysMixedOperationsBenchmark.benchmark,thrpt,UNIFORM,32,15,"111074,570093","3306,555148",ops/ms,100,LOCK_FREE_CHROMATIC_MAP,90:5,0.5,42
ua.edu.ukma.benchmarks.IntegerKeysMixedOperationsBenchmark.benchmark,thrpt,UNIFORM,32,15,"60406,805103","2494,630716",ops/ms,100,LOCK_FREE_CHROMATIC_MAP,70:20,0.5,42
ua.edu.ukma.benchmarks.IntegerKeysMixedOperationsBenchmark.benchmark,thrpt,UNIFORM,32,15,"27124,354065","1013,420785",ops/ms,100,LOCK_FREE_CHROMATIC_MAP,30:35,0.5,42
ua.edu.ukma.benchmarks.IntegerKeysMixedOperationsBenchmark.benchmark,thrpt,UNIFORM,32,15,"21659,011104","1099,876909",ops/ms,100,LOCK_FREE_CHROMATIC_MAP,10:45,0.5,42
ua.edu.ukma.benchmarks.IntegerKeysMixedOperationsBenchmark.benchmark,thrpt,UNIFORM,32,15,"19955,313717","717,527885",ops/ms,100,LOCK_FREE_CHROMATIC_MAP,0:50,0.5,42
ua.edu.ukma.benchmarks.IntegerKeysMixedOperationsBenchmark.benchmark,thrpt,UNIFORM,32,15,"18620,896013","1277,712758",ops/ms,10000,SYNCHRONIZED_HASH_MAP,100:0,0.5,42
ua.edu.ukma.benchmarks.IntegerKeysMixedOperationsBenchmark.benchmark,thrpt,UNIFORM,32,15,"13481,339209","775,597508",ops/ms,10000,SYNCHRONIZED_HASH_MAP,90:5,0.5,42
ua.edu.ukma.benchmarks.IntegerKeysMixedOperationsBenchmark.benchmark,thrpt,UNIFORM,32,15,"11825,395583","756,180794",ops/ms,10000,SYNCHRONIZED_HASH_MAP,70:20,0.5,42
ua.edu.ukma.benchmarks.IntegerKeysMixedOperationsBenchmark.benchmark,thrpt,UNIFORM,32,15,"10581,568305","770,281674",ops/ms,10000,SYNCHRONIZED_HASH_MAP,30:35,0.5,42
ua.edu.ukma.benchmarks.IntegerKeysMixedOperationsBenchmark.benchmark,thrpt,UNIFORM,32,15,"10874,342767","935,471054",ops/ms,10000,SYNCHRONIZED_HASH_MAP,10:45,0.5,42
ua.edu.ukma.benchmarks.IntegerKeysMixedOperationsBenchmark.benchmark,thrpt,UNIFORM,32,15,"11078,979074","989,348912",ops/ms,10000,SYNCHRONIZED_HASH_MAP,0:50,0.5,42
ua.edu.ukma.benchmarks.IntegerKeysMixedOperationsBenchmark.benchmark,thrpt,UNIFORM,32,15,"8864,665871","492,363245",ops/ms,10000,SYNCHRONIZED_TREE_MAP,100:0,0.5,42
ua.edu.ukma.benchmarks.IntegerKeysMixedOperationsBenchmark.benchmark,thrpt,UNIFORM,32,15,"5715,679490","331,648423",ops/ms,10000,SYNCHRONIZED_TREE_MAP,90:5,0.5,42
ua.edu.ukma.benchmarks.IntegerKeysMixedOperationsBenchmark.benchmark,thrpt,UNIFORM,32,15,"5328,469958","345,024736",ops/ms,10000,SYNCHRONIZED_TREE_MAP,70:20,0.5,42
ua.edu.ukma.benchmarks.IntegerKeysMixedOperationsBenchmark.benchmark,thrpt,UNIFORM,32,15,"5027,735273","423,311551",ops/ms,10000,SYNCHRONIZED_TREE_MAP,30:35,0.5,42
ua.edu.ukma.benchmarks.IntegerKeysMixedOperationsBenchmark.benchmark,thrpt,UNIFORM,32,15,"4639,409072","395,007673",ops/ms,10000,SYNCHRONIZED_TREE_MAP,10:45,0.5,42
ua.edu.ukma.benchmarks.IntegerKeysMixedOperationsBenchmark.benchmark,thrpt,UNIFORM,32,15,"4504,329905","390,236478",ops/ms,10000,SYNCHRONIZED_TREE_MAP,0:50,0.5,42
ua.edu.ukma.benchmarks.IntegerKeysMixedOperationsBenchmark.benchmark,thrpt,UNIFORM,32,15,"6357,660288","549,006064",ops/ms,10000,RW_SYNCHRONIZED_HASH_MAP,100:0,0.5,42
ua.edu.ukma.benchmarks.IntegerKeysMixedOperationsBenchmark.benchmark,thrpt,UNIFORM,32,15,"8246,919714","567,421972",ops/ms,10000,RW_SYNCHRONIZED_HASH_MAP,90:5,0.5,42
ua.edu.ukma.benchmarks.IntegerKeysMixedOperationsBenchmark.benchmark,thrpt,UNIFORM,32,15,"7007,016538","431,469953",ops/ms,10000,RW_SYNCHRONIZED_HASH_MAP,70:20,0.5,42
ua.edu.ukma.benchmarks.IntegerKeysMixedOperationsBenchmark.benchmark,thrpt,UNIFORM,32,15,"6749,127779","983,321170",ops/ms,10000,RW_SYNCHRONIZED_HASH_MAP,30:35,0.5,42
ua.edu.ukma.benchmarks.IntegerKeysMixedOperationsBenchmark.benchmark,thrpt,UNIFORM,32,15,"7207,766596","502,046689",ops/ms,10000,RW_SYNCHRONIZED_HASH_MAP,10:45,0.5,42
ua.edu.ukma.benchmarks.IntegerKeysMixedOperationsBenchmark.benchmark,thrpt,UNIFORM,32,15,"12898,092484","643,655812",ops/ms,10000,RW_SYNCHRONIZED_HASH_MAP,0:50,0.5,42
ua.edu.ukma.benchmarks.IntegerKeysMixedOperationsBenchmark.benchmark,thrpt,UNIFORM,32,15,"6638,037848","656,870726",ops/ms,10000,RW_SYNCHRONIZED_TREE_MAP,100:0,0.5,42
ua.edu.ukma.benchmarks.IntegerKeysMixedOperationsBenchmark.benchmark,thrpt,UNIFORM,32,15,"2003,242729","90,903110",ops/ms,10000,RW_SYNCHRONIZED_TREE_MAP,90:5,0.5,42
ua.edu.ukma.benchmarks.IntegerKeysMixedOperationsBenchmark.benchmark,thrpt,UNIFORM,32,15,"1473,540182","85,991708",ops/ms,10000,RW_SYNCHRONIZED_TREE_MAP,70:20,0.5,42
ua.edu.ukma.benchmarks.IntegerKeysMixedOperationsBenchmark.benchmark,thrpt,UNIFORM,32,15,"1691,275416","82,406702",ops/ms,10000,RW_SYNCHRONIZED_TREE_MAP,30:35,0.5,42
ua.edu.ukma.benchmarks.IntegerKeysMixedOperationsBenchmark.benchmark,thrpt,UNIFORM,32,15,"2080,032889","128,191282",ops/ms,10000,RW_SYNCHRONIZED_TREE_MAP,10:45,0.5,42
ua.edu.ukma.benchmarks.IntegerKeysMixedOperationsBenchmark.benchmark,thrpt,UNIFORM,32,15,"2590,165391","144,039899",ops/ms,10000,RW_SYNCHRONIZED_TREE_MAP,0:50,0.5,42
ua.edu.ukma.benchmarks.IntegerKeysMixedOperationsBenchmark.benchmark,thrpt,UNIFORM,32,15,"698465,755692","235292,877253",ops/ms,10000,CONCURRENT_HASH_MAP,100:0,0.5,42
ua.edu.ukma.benchmarks.IntegerKeysMixedOperationsBenchmark.benchmark,thrpt,UNIFORM,32,15,"365712,348306","72387,596114",ops/ms,10000,CONCURRENT_HASH_MAP,90:5,0.5,42
ua.edu.ukma.benchmarks.IntegerKeysMixedOperationsBenchmark.benchmark,thrpt,UNIFORM,32,15,"277852,080748","45781,124151",ops/ms,10000,CONCURRENT_HASH_MAP,70:20,0.5,42
ua.edu.ukma.benchmarks.IntegerKeysMixedOperationsBenchmark.benchmark,thrpt,UNIFORM,32,15,"172604,980867","17101,605131",ops/ms,10000,CONCURRENT_HASH_MAP,30:35,0.5,42
ua.edu.ukma.benchmarks.IntegerKeysMixedOperationsBenchmark.benchmark,thrpt,UNIFORM,32,15,"152842,868341","13636,827710",ops/ms,10000,CONCURRENT_HASH_MAP,10:45,0.5,42
ua.edu.ukma.benchmarks.IntegerKeysMixedOperationsBenchmark.benchmark,thrpt,UNIFORM,32,15,"140227,305788","10568,780329",ops/ms,10000,CONCURRENT_HASH_MAP,0:50,0.5,42
ua.edu.ukma.benchmarks.IntegerKeysMixedOperationsBenchmark.benchmark,thrpt,UNIFORM,32,15,"416864,890504","130586,070273",ops/ms,10000,NON_BLOCKING_HASH_MAP,100:0,0.5,42
ua.edu.ukma.benchmarks.IntegerKeysMixedOperationsBenchmark.benchmark,thrpt,UNIFORM,32,15,"376849,146309","99046,894274",ops/ms,10000,NON_BLOCKING_HASH_MAP,90:5,0.5,42
ua.edu.ukma.benchmarks.IntegerKeysMixedOperationsBenchmark.benchmark,thrpt,UNIFORM,32,15,"307736,491124","73167,904513",ops/ms,10000,NON_BLOCKING_HASH_MAP,70:20,0.5,42
ua.edu.ukma.benchmarks.IntegerKeysMixedOperationsBenchmark.benchmark,thrpt,UNIFORM,32,15,"219988,302977","57373,101032",ops/ms,10000,NON_BLOCKING_HASH_MAP,30:35,0.5,42
ua.edu.ukma.benchmarks.IntegerKeysMixedOperationsBenchmark.benchmark,thrpt,UNIFORM,32,15,"197466,557785","45087,417309",ops/ms,10000,NON_BLOCKING_HASH_MAP,10:45,0.5,42
ua.edu.ukma.benchmarks.IntegerKeysMixedOperationsBenchmark.benchmark,thrpt,UNIFORM,32,15,"197628,887448","38890,242651",ops/ms,10000,NON_BLOCKING_HASH_MAP,0:50,0.5,42
ua.edu.ukma.benchmarks.IntegerKeysMixedOperationsBenchmark.benchmark,thrpt,UNIFORM,32,15,"54648,695402","2659,960908",ops/ms,10000,SHARDED_TREE_MAP,100:0,0.5,42
ua.edu.ukma.benchmarks.IntegerKeysMixedOperationsBenchmark.benchmark,thrpt,UNIFORM,32,15,"16884,305801","883,813260",ops/ms,10000,SHARDED_TREE_MAP,90:5,0.5,42
ua.edu.ukma.benchmarks.IntegerKeysMixedOperationsBenchmark.benchmark,thrpt,UNIFORM,32,15,"10876,496562","476,250062",ops/ms,10000,SHARDED_TREE_MAP,70:20,0.5,42
ua.edu.ukma.benchmarks.IntegerKeysMixedOperationsBenchmark.benchmark,thrpt,UNIFORM,32,15,"10085,894026","571,033563",ops/ms,10000,SHARDED_TREE_MAP,30:35,0.5,42
ua.edu.ukma.benchmarks.IntegerKeysMixedOperationsBenchmark.benchmark,thrpt,UNIFORM,32,15,"12978,441653","668,191453",ops/ms,10000,SHARDED_TREE_MAP,10:45,0.5,42
ua.edu.ukma.benchmarks.IntegerKeysMixedOperationsBenchmark.benchmark,thrpt,UNIFORM,32,15,"16684,687216","905,858451",ops/ms,10000,SHARDED_TREE_MAP,0:50,0.5,42
ua.edu.ukma.benchmarks.IntegerKeysMixedOperationsBenchmark.benchmark,thrpt,UNIFORM,32,15,"111838,194923","12998,620086",ops/ms,10000,LOCK_FREE_CHROMATIC_MAP,100:0,0.5,42
ua.edu.ukma.benchmarks.IntegerKeysMixedOperationsBenchmark.benchmark,thrpt,UNIFORM,32,15,"53706,946884","2462,924930",ops/ms,10000,LOCK_FREE_CHROMATIC_MAP,90:5,0.5,42
ua.edu.ukma.benchmarks.IntegerKeysMixedOperationsBenchmark.benchmark,thrpt,UNIFORM,32,15,"37122,859598","2051,974928",ops/ms,10000,LOCK_FREE_CHROMATIC_MAP,70:20,0.5,42
ua.edu.ukma.benchmarks.IntegerKeysMixedOperationsBenchmark.benchmark,thrpt,UNIFORM,32,15,"28725,700304","2603,441062",ops/ms,10000,LOCK_FREE_CHROMATIC_MAP,30:35,0.5,42
ua.edu.ukma.benchmarks.IntegerKeysMixedOperationsBenchmark.benchmark,thrpt,UNIFORM,32,15,"24639,453322","2318,610947",ops/ms,10000,LOCK_FREE_CHROMATIC_MAP,10:45,0.5,42
ua.edu.ukma.benchmarks.IntegerKeysMixedOperationsBenchmark.benchmark,thrpt,UNIFORM,32,15,"23674,977311","1849,718623",ops/ms,10000,LOCK_FREE_CHROMATIC_MAP,0:50,0.5,42
ua.edu.ukma.benchmarks.IntegerKeysMixedOperationsBenchmark.benchmark,thrpt,UNIFORM,32,15,"11423,597964","1121,221476",ops/ms,1000000,SYNCHRONIZED_HASH_MAP,100:0,0.5,42
ua.edu.ukma.benchmarks.IntegerKeysMixedOperationsBenchmark.benchmark,thrpt,UNIFORM,32,15,"9758,067983","691,417088",ops/ms,1000000,SYNCHRONIZED_HASH_MAP,90:5,0.5,42
ua.edu.ukma.benchmarks.IntegerKeysMixedOperationsBenchmark.benchmark,thrpt,UNIFORM,32,15,"8095,015129","809,032312",ops/ms,1000000,SYNCHRONIZED_HASH_MAP,70:20,0.5,42
ua.edu.ukma.benchmarks.IntegerKeysMixedOperationsBenchmark.benchmark,thrpt,UNIFORM,32,15,"7792,016928","436,945512",ops/ms,1000000,SYNCHRONIZED_HASH_MAP,30:35,0.5,42
ua.edu.ukma.benchmarks.IntegerKeysMixedOperationsBenchmark.benchmark,thrpt,UNIFORM,32,15,"7262,254286","424,286084",ops/ms,1000000,SYNCHRONIZED_HASH_MAP,10:45,0.5,42
ua.edu.ukma.benchmarks.IntegerKeysMixedOperationsBenchmark.benchmark,thrpt,UNIFORM,32,15,"7318,217182","433,009484",ops/ms,1000000,SYNCHRONIZED_HASH_MAP,0:50,0.5,42
ua.edu.ukma.benchmarks.IntegerKeysMixedOperationsBenchmark.benchmark,thrpt,UNIFORM,32,15,"2491,683901","822,816449",ops/ms,1000000,SYNCHRONIZED_TREE_MAP,100:0,0.5,42
ua.edu.ukma.benchmarks.IntegerKeysMixedOperationsBenchmark.benchmark,thrpt,UNIFORM,32,15,"2591,292699","670,626238",ops/ms,1000000,SYNCHRONIZED_TREE_MAP,90:5,0.5,42
ua.edu.ukma.benchmarks.IntegerKeysMixedOperationsBenchmark.benchmark,thrpt,UNIFORM,32,15,"2254,344891","347,786092",ops/ms,1000000,SYNCHRONIZED_TREE_MAP,70:20,0.5,42
ua.edu.ukma.benchmarks.IntegerKeysMixedOperationsBenchmark.benchmark,thrpt,UNIFORM,32,15,"1956,811250","195,072294",ops/ms,1000000,SYNCHRONIZED_TREE_MAP,30:35,0.5,42
ua.edu.ukma.benchmarks.IntegerKeysMixedOperationsBenchmark.benchmark,thrpt,UNIFORM,32,15,"1806,224437","244,264390",ops/ms,1000000,SYNCHRONIZED_TREE_MAP,10:45,0.5,42
ua.edu.ukma.benchmarks.IntegerKeysMixedOperationsBenchmark.benchmark,thrpt,UNIFORM,32,15,"1785,871593","140,199396",ops/ms,1000000,SYNCHRONIZED_TREE_MAP,0:50,0.5,42
ua.edu.ukma.benchmarks.IntegerKeysMixedOperationsBenchmark.benchmark,thrpt,UNIFORM,32,15,"6330,835150","643,693363",ops/ms,1000000,RW_SYNCHRONIZED_HASH_MAP,100:0,0.5,42
ua.edu.ukma.benchmarks.IntegerKeysMixedOperationsBenchmark.benchmark,thrpt,UNIFORM,32,15,"5092,250682","543,024069",ops/ms,1000000,RW_SYNCHRONIZED_HASH_MAP,90:5,0.5,42
ua.edu.ukma.benchmarks.IntegerKeysMixedOperationsBenchmark.benchmark,thrpt,UNIFORM,32,15,"3827,302004","303,409677",ops/ms,1000000,RW_SYNCHRONIZED_HASH_MAP,70:20,0.5,42
ua.edu.ukma.benchmarks.IntegerKeysMixedOperationsBenchmark.benchmark,thrpt,UNIFORM,32,15,"4139,730877","272,157132",ops/ms,1000000,RW_SYNCHRONIZED_HASH_MAP,30:35,0.5,42
ua.edu.ukma.benchmarks.IntegerKeysMixedOperationsBenchmark.benchmark,thrpt,UNIFORM,32,15,"4636,765284","217,029938",ops/ms,1000000,RW_SYNCHRONIZED_HASH_MAP,10:45,0.5,42
ua.edu.ukma.benchmarks.IntegerKeysMixedOperationsBenchmark.benchmark,thrpt,UNIFORM,32,15,"7096,505996","404,866397",ops/ms,1000000,RW_SYNCHRONIZED_HASH_MAP,0:50,0.5,42
ua.edu.ukma.benchmarks.IntegerKeysMixedOperationsBenchmark.benchmark,thrpt,UNIFORM,32,15,"6004,423822","662,144961",ops/ms,1000000,RW_SYNCHRONIZED_TREE_MAP,100:0,0.5,42
ua.edu.ukma.benchmarks.IntegerKeysMixedOperationsBenchmark.benchmark,thrpt,UNIFORM,32,15,"1373,468518","157,353541",ops/ms,1000000,RW_SYNCHRONIZED_TREE_MAP,90:5,0.5,42
ua.edu.ukma.benchmarks.IntegerKeysMixedOperationsBenchmark.benchmark,thrpt,UNIFORM,32,15,"1082,331997","74,181751",ops/ms,1000000,RW_SYNCHRONIZED_TREE_MAP,70:20,0.5,42
ua.edu.ukma.benchmarks.IntegerKeysMixedOperationsBenchmark.benchmark,thrpt,UNIFORM,32,15,"996,984853","147,397384",ops/ms,1000000,RW_SYNCHRONIZED_TREE_MAP,30:35,0.5,42
ua.edu.ukma.benchmarks.IntegerKeysMixedOperationsBenchmark.benchmark,thrpt,UNIFORM,32,15,"1192,666531","107,074791",ops/ms,1000000,RW_SYNCHRONIZED_TREE_MAP,10:45,0.5,42
ua.edu.ukma.benchmarks.IntegerKeysMixedOperationsBenchmark.benchmark,thrpt,UNIFORM,32,15,"1344,500054","179,339729",ops/ms,1000000,RW_SYNCHRONIZED_TREE_MAP,0:50,0.5,42
ua.edu.ukma.benchmarks.IntegerKeysMixedOperationsBenchmark.benchmark,thrpt,UNIFORM,32,15,"287196,489191","68268,955126",ops/ms,1000000,CONCURRENT_HASH_MAP,100:0,0.5,42
ua.edu.ukma.benchmarks.IntegerKeysMixedOperationsBenchmark.benchmark,thrpt,UNIFORM,32,15,"184555,076846","17469,939681",ops/ms,1000000,CONCURRENT_HASH_MAP,90:5,0.5,42
ua.edu.ukma.benchmarks.IntegerKeysMixedOperationsBenchmark.benchmark,thrpt,UNIFORM,32,15,"126190,549942","10479,116930",ops/ms,1000000,CONCURRENT_HASH_MAP,70:20,0.5,42
ua.edu.ukma.benchmarks.IntegerKeysMixedOperationsBenchmark.benchmark,thrpt,UNIFORM,32,15,"111260,021644","6103,064842",ops/ms,1000000,CONCURRENT_HASH_MAP,30:35,0.5,42
ua.edu.ukma.benchmarks.IntegerKeysMixedOperationsBenchmark.benchmark,thrpt,UNIFORM,32,15,"99627,709266","5460,375828",ops/ms,1000000,CONCURRENT_HASH_MAP,10:45,0.5,42
ua.edu.ukma.benchmarks.IntegerKeysMixedOperationsBenchmark.benchmark,thrpt,UNIFORM,32,15,"97167,812104","6327,141814",ops/ms,1000000,CONCURRENT_HASH_MAP,0:50,0.5,42
ua.edu.ukma.benchmarks.IntegerKeysMixedOperationsBenchmark.benchmark,thrpt,UNIFORM,32,15,"145353,004843","25700,009505",ops/ms,1000000,NON_BLOCKING_HASH_MAP,100:0,0.5,42
ua.edu.ukma.benchmarks.IntegerKeysMixedOperationsBenchmark.benchmark,thrpt,UNIFORM,32,15,"35702,199271","6493,085917",ops/ms,1000000,NON_BLOCKING_HASH_MAP,90:5,0.5,42
ua.edu.ukma.benchmarks.IntegerKeysMixedOperationsBenchmark.benchmark,thrpt,UNIFORM,32,15,"97392,245098","7781,871926",ops/ms,1000000,NON_BLOCKING_HASH_MAP,70:20,0.5,42
ua.edu.ukma.benchmarks.IntegerKeysMixedOperationsBenchmark.benchmark,thrpt,UNIFORM,32,15,"10036,088051","1360,552751",ops/ms,1000000,NON_BLOCKING_HASH_MAP,30:35,0.5,42
ua.edu.ukma.benchmarks.IntegerKeysMixedOperationsBenchmark.benchmark,thrpt,UNIFORM,32,15,"8079,346062","861,441250",ops/ms,1000000,NON_BLOCKING_HASH_MAP,10:45,0.5,42
ua.edu.ukma.benchmarks.IntegerKeysMixedOperationsBenchmark.benchmark,thrpt,UNIFORM,32,15,"6643,824388","1241,535593",ops/ms,1000000,NON_BLOCKING_HASH_MAP,0:50,0.5,42
ua.edu.ukma.benchmarks.IntegerKeysMixedOperationsBenchmark.benchmark,thrpt,UNIFORM,32,15,"24649,184356","3013,157152",ops/ms,1000000,SHARDED_TREE_MAP,100:0,0.5,42
ua.edu.ukma.benchmarks.IntegerKeysMixedOperationsBenchmark.benchmark,thrpt,UNIFORM,32,15,"12916,117589","679,058446",ops/ms,1000000,SHARDED_TREE_MAP,90:5,0.5,42
ua.edu.ukma.benchmarks.IntegerKeysMixedOperationsBenchmark.benchmark,thrpt,UNIFORM,32,15,"8613,997648","463,223776",ops/ms,1000000,SHARDED_TREE_MAP,70:20,0.5,42
ua.edu.ukma.benchmarks.IntegerKeysMixedOperationsBenchmark.benchmark,thrpt,UNIFORM,32,15,"6949,880402","346,010268",ops/ms,1000000,SHARDED_TREE_MAP,30:35,0.5,42
ua.edu.ukma.benchmarks.IntegerKeysMixedOperationsBenchmark.benchmark,thrpt,UNIFORM,32,15,"7187,983514","524,716603",ops/ms,1000000,SHARDED_TREE_MAP,10:45,0.5,42
ua.edu.ukma.benchmarks.IntegerKeysMixedOperationsBenchmark.benchmark,thrpt,UNIFORM,32,15,"7599,057807","548,389574",ops/ms,1000000,SHARDED_TREE_MAP,0:50,0.5,42
ua.edu.ukma.benchmarks.IntegerKeysMixedOperationsBenchmark.benchmark,thrpt,UNIFORM,32,15,"32065,160831","3549,814562",ops/ms,1000000,LOCK_FREE_CHROMATIC_MAP,100:0,0.5,42
ua.edu.ukma.benchmarks.IntegerKeysMixedOperationsBenchmark.benchmark,thrpt,UNIFORM,32,15,"16302,626716","2229,158627",ops/ms,1000000,LOCK_FREE_CHROMATIC_MAP,90:5,0.5,42
ua.edu.ukma.benchmarks.IntegerKeysMixedOperationsBenchmark.benchmark,thrpt,UNIFORM,32,15,"12434,324023","1439,104491",ops/ms,1000000,LOCK_FREE_CHROMATIC_MAP,70:20,0.5,42
ua.edu.ukma.benchmarks.IntegerKeysMixedOperationsBenchmark.benchmark,thrpt,UNIFORM,32,15,"10705,222283","1047,778909",ops/ms,1000000,LOCK_FREE_CHROMATIC_MAP,30:35,0.5,42
ua.edu.ukma.benchmarks.IntegerKeysMixedOperationsBenchmark.benchmark,thrpt,UNIFORM,32,15,"9482,422761","811,600725",ops/ms,1000000,LOCK_FREE_CHROMATIC_MAP,10:45,0.5,42
ua.edu.ukma.benchmarks.IntegerKeysMixedOperationsBenchmark.benchmark,thrpt,UNIFORM,32,15,"9044,848073","874,714915",ops/ms,1000000,LOCK_FREE_CHROMATIC_MAP,0:50,0.5,42
